{
	"name": "§c[§4Madeline§c]",
	"description": "And so, I climbed.",
	"powers": [
		"celeste:improved_jump",
		"celeste:mountaineer_dash",
		"celeste:mountain_climber",
		"celeste:mountain_reload",
		"celeste:spring",
		"celeste:refill_gem",
		"celeste:golden_feather",
		"celeste:fall_immunity",
		"celeste:taste_for_strawberries",
		"celeste:one_hit",
		"alluyslutil:input",
		"celeste:credits"
	],
	"icon": {
		"item": "minecraft:red_concrete_powder"
	},
	"unchoosable": true,
	"impact": 2,
	"upgrades": [
		{
			"condition": "minecraft:end/kill_dragon",
			"origin": "celeste:reunited_madeline",
			"announcement": "One and two again."
		}
	]
}