{
	"name": "Tiny",
	"description": "You're a quarter of a block tall.",
	"type": "origins:action_on_callback",

	"entity_action_added": {
		"type": "origins:and",
		"actions": [
			{
				"type": "origins:execute_command",
				"command": "scale delay set pehkui:height 2 @s"
			},
			{
				"type": "origins:execute_command",
				"command": "scale set pehkui:height 0.125 @s"
			},
			{
				"type": "origins:execute_command",
				"command": "scale delay set pehkui:width 2 @s"
			},
			{
				"type": "origins:execute_command",
				"command": "scale set pehkui:width 0.125 @s"
			},
			{
				"type": "origins:delay",
				"ticks": 20,
				"action": {
					"type": "origins:and",
					"actions": [
						{
							"type": "origins:execute_command",
							"command": "scale delay reset pehkui:height"
						},
						{
							"type": "origins:execute_command",
							"command": "scale delay reset pehkui:width"
						}
					]
				}
			}
		]
	},

	"entity_action_respawned": {
		"type": "origins:and",
		"actions": [
			{
				"type": "origins:execute_command",
				"command": "scale delay set pehkui:height 2 @s"
			},
			{
				"type": "origins:execute_command",
				"command": "scale set pehkui:height 0.125"
			},
			{
				"type": "origins:execute_command",
				"command": "scale delay set pehkui:width 2 @s"
			},
			{
				"type": "origins:execute_command",
				"command": "scale set pehkui:width 0.125 @s"
			},
			{
				"type": "origins:delay",
				"ticks": 20,
				"action": {
					"type": "origins:and",
					"actions": [
						{
							"type": "origins:execute_command",
							"command": "scale delay reset pehkui:height"
						},
						{
							"type": "origins:execute_command",
							"command": "scale delay reset pehkui:width"
						}
					]
				}
			}
		]
	},

	"entity_action_lost": {
		"type": "origins:and",
		"actions": [
			{
				"type": "origins:execute_command",
				"command": "scale delay set pehkui:height 2 @s"
			},
			{
				"type": "origins:execute_command",
				"command": "scale set pehkui:height 1 @s"
			},
			{
				"type": "origins:execute_command",
				"command": "scale delay set pehkui:width 2 @s"
			},
			{
				"type": "origins:execute_command",
				"command": "scale set pehkui:width 1 @s"
			},
			{
				"type": "origins:delay",
				"ticks": 20,
				"action": {
					"type": "origins:and",
					"actions": [
						{
							"type": "origins:execute_command",
							"command": "scale delay reset pehkui:height"
						},
						{
							"type": "origins:execute_command",
							"command": "scale delay reset pehkui:width"
						}
					]
				}
			}
		]
	}
}