{
	"type": "origins:multiple",
	"name": "Wing Flap",
	"description": "You can flap your wings twice everytime you're in the air to propel yourself.",

	"available": {
		"type": "origins:resource",
		"min": 0,
		"max": 2,
		"start_value": 2,
		"hud_render": {
			"should_render": true,
			"sprite_location": "origins:textures/gui/community/spiderkolo/resource_bar_03.png",
			"bar_index": 23
		}
	},

	"recharge": {
		"type": "origins:action_on_land",
		"entity_action": {
			"type": "origins:change_resource",
			"resource": "alluyslotherorigins:wing_flap_available",
			"change": 2
		}
	},

	"jump": {
		"type": "origins:active_self",
		"cooldown": 4,
		"hud_render": {
			"should_render": false
		},
		"key": {
			"key": "key.jump"
		},

		"entity_action": {
			"type": "origins:and",
			"actions": [
				{
					"type": "origins:change_resource",
					"resource": "alluyslotherorigins:wing_flap_available",
					"change": -1
				},
				{
					"type": "origins:add_velocity",
					"y": 0.375,
					"set": true
				},
				{
					"type": "origins:add_velocity",
					"z": 0.1875,
					"space": "local"
				},
				{
					"type": "origins:execute_command",
					"command": "particle minecraft:cloud ~ ~-0.25 ~ 0.2 0.2 0.2 0.1 3 normal"
				}
			]
		},

		"condition": {
			"type": "origins:and",
			"conditions": [
				{
					"type": "origins:block_collision",
					"offset_x": 0,
					"offset_y": -0.001,
					"offset_z": 0,
					"inverted": true
				},
				{
					"type": "origins:resource",
					"resource": "alluyslotherorigins:wing_flap_available",
					"comparison": ">",
					"compare_to": 0
				},
				{
					"type": "origins:fluid_height",
					"fluid": "minecraft:water",
					"comparison": "<",
					"compare_to": 0.25
				}
			]
		}
	}
}