{
	"replace": false,
	"values": [
		"minecraft:beacon",
		"minecraft:enchanting_table",
		"minecraft:diamond_ore",
		"minecraft:diamond_block",
		"minecraft:emerald_ore",
		"minecraft:emerald_block",
		"minecraft:glass",
		"minecraft:white_stained_glass",
		"minecraft:orange_stained_glass",
		"minecraft:magenta_stained_glass",
		"minecraft:light_blue_stained_glass",
		"minecraft:yellow_stained_glass",
		"minecraft:lime_stained_glass",
		"minecraft:pink_stained_glass",
		"minecraft:gray_stained_glass",
		"minecraft:light_gray_stained_glass",
		"minecraft:cyan_stained_glass",
		"minecraft:purple_stained_glass",
		"minecraft:blue_stained_glass",
		"minecraft:brown_stained_glass",
		"minecraft:green_stained_glass",
		"minecraft:red_stained_glass",
		"minecraft:black_stained_glass",
		"minecraft:glass_pane",
		"minecraft:white_stained_glass_pane",
		"minecraft:orange_stained_glass_pane",
		"minecraft:magenta_stained_glass_pane",
		"minecraft:light_blue_stained_glass_pane",
		"minecraft:yellow_stained_glass_pane",
		"minecraft:lime_stained_glass_pane",
		"minecraft:pink_stained_glass_pane",
		"minecraft:gray_stained_glass_pane",
		"minecraft:light_gray_stained_glass_pane",
		"minecraft:cyan_stained_glass_pane",
		"minecraft:purple_stained_glass_pane",
		"minecraft:blue_stained_glass_pane",
		"minecraft:brown_stained_glass_pane",
		"minecraft:green_stained_glass_pane",
		"minecraft:red_stained_glass_pane",
		"minecraft:black_stained_glass_pane",
		"minecraft:ice",
		"minecraft:packed_ice",
		"minecraft:blue_ice",
		"minecraft:sea_lantern",
		"minecraft:prismarine",
		"minecraft:prismarine_slab",
		"minecraft:prismarine_stairs",
		"minecraft:prismarine_wall",
		"minecraft:prismarine_bricks",
		"minecraft:prismarine_brick_slab",
		"minecraft:prismarine_brick_stairs",
		"minecraft:nether_quartz_ore",
		"minecraft:quartz_block",
		"minecraft:quartz_slab",
		"minecraft:quartz_stairs",
		"minecraft:smooth_quartz",
		"minecraft:smooth_quartz_slab",
		"minecraft:smooth_quartz_stairs",
		"minecraft:chiseled_quartz_block",
		"minecraft:quartz_bricks",
		"minecraft:obsidian",

		{
			"id": "minecraft:calcite",
			"required": false
		},
		{
			"id": "minecraft:small_amethyst_bud",
			"required": false
		},
		{
			"id": "minecraft:medium_amethyst_bud",
			"required": false
		},
		{
			"id": "minecraft:big_amethyst_bud",
			"required": false
		},
		{
			"id": "minecraft:amethyst_cluster",
			"required": false
		},
		{
			"id": "minecraft:budding_amethyst",
			"required": false
		},
		{
			"id": "minecraft:amethyst_block",
			"required": false
		},
		{
			"id": "minecraft:tinted_glass",
			"required": false
		}
	]
}